author,author_flair,title,post_id,upvotes,upvote_ratio,num_comments,subreddit
DirectorTurbulent422,,Real Madrid target Alexis Mac Allister facing uncertain future at Liverpool,1rozq66,1,1.0,0,soccer
tehMadhero,:Ajax:,Squad of the Curacao national team for friendlies against China and Australia.,1rozq14,1,1.0,0,soccer
ASuarezMascareno,:FC_Barcelona:,Jaume Roures accuses Xavi Hernández of not telling the truth with Messi - The audiovisual producer assures that LaLiga had not given the green light to a new contract for the Argentine star in 2023,1rozkxr,6,0.88,3,soccer
semarotox,:Cruzeiro:,Kaio Jorge against Junior Alonso and Gabriel Delfim - Cruzeiro vs Atlético Mineiro,1rozie3,7,0.82,3,soccer
Sparky-moon,:transpride::AS_Roma:,"Police Scotland say arrests have been made following the Old Firm pitch invasion and condemned the ""despicable display"" which ensued at Ibrox after Celtic beat Rangers on penalties in the Scottish Cup quarter-final.",1roz99s,5,0.78,2,soccer
GotenRocko,:FC_Barcelona:,Kraft Group ‘deeply disappointed’ with Foxborough officials over $7.8M security costs for World Cup,1roz347,12,1.0,11,soccer
stoneapplefruit,:Hertha_BSC:,"[T-Online] The DFB confirms it has launched an investigation against 1. FC Koln and their stadium announcer Michael Trippel after he openly criticized VAR during their game against Borussia Dortmund calling the decision not to review a handball as ""Disgusting!"" over the PA system",1royrqi,17,1.0,5,soccer
MilkByHomelander,:Eastleigh_FC:,Iranian soccer players seek assistance in Australia,1royk89,49,0.91,11,soccer
Roller95,:Ajax:,"[ESPN NL] If PSV wins against NEC this weekend and Feyenoord loses against Excelsior, PSV will clinch fastest Eredivisie title in history. This weekend is match week 27 of 34. The record is held by AZ, who won the championship in match week 28 in 1980/81",1royh1i,16,0.9,6,soccer
Turklightenment,,World Cup: Iraq coach wants play-off to be postponed amid US-Israeli war with Iran,1roy1ym,25,0.88,1,soccer
Civil-Appeal5219,,Brazilian derby ends with 23 red cards,1roxesz,1457,0.99,73,soccer
Sparky-moon,:transpride::AS_Roma:,"Laporta: ""When I see these statements from Xavi, I think of Hansi Flick and how tough it is to be president of Barça.""

""The facts give me the peace of mind that I did what I had to do. I understand that he's hurt, because with the same players that Xavi had and was losing with, Flick is winning.”",1roxeq7,43,0.72,59,soccer
Frosty-Buyer-1252,:Newcastle_United:,[GOAL] 'It's like Hogwarts!' - Barcelona stars left wowed as they arrive to stay in 'Harry Potter hotel' for Champions League clash with Newcastle,1roxdry,0,0.43,18,soccer
StarryPolarisNite,,"North Korea refuses to resume play after VAR call goes against them, complains for ~5 minutes until the ref decides to end the half (North Korea vs. China - Women's Asian Cup)",1rox3gf,120,0.95,62,soccer
Sparky-moon,:transpride::AS_Roma:,Roman Abramovich lawyers warn: Don’t confiscate £2.35bn from Chelsea sale,1rowkqv,155,0.88,75,soccer
OkayFine101,:Manchester_United:,[Mundo Deportivo] Truce moment between Font and Laporta during the debate - Handshake between the two candidates.,1rowfj6,26,0.73,29,soccer
OkayFine101,:Manchester_United:,"(Highest goal + assists) The most decisive players in the Top 5 Leagues by season, from 10/11 - 25/26 [@ThePopFoot]",1rovr3w,66,0.8,54,soccer
OkayFine101,:Manchester_United:,"[Tyers, Telegraph] The question is: How long will we have to tolerate the United mob dominating the sports news agenda with their squabbling and score-settling? There seems to be no escape, either in the papers or on social media.",1rovnja,998,0.96,166,soccer
AutoModerator,,Monday Moan,1rov4mw,5,0.79,86,soccer
listello,:Mantova_1911:,Serie B table after matchday 29,1rourw3,19,0.86,10,soccer
Some-Palpitation-314,:PL:Premier League,Tottenham fans were seen fleeing the stadium before halftime during the 3-1 loss to Crystal Palace,1ror82n,100,0.8,47,PremierLeague
Mr_A_UserName,:PL:Premier League,How are Spurs going to handle the Atletico Madrid tie?,1rold8h,151,0.95,133,PremierLeague
AutoModerator,,/r/PremierLeague Weekly Discussion Thread,1rokryf,4,0.84,3,PremierLeague
Inevitable-Angle-793,:PL:Premier League,Are Burnley one of uniquely boring clubs in english football?,1rokejb,133,0.88,122,PremierLeague
tylerthe-theatre,:PL:Premier League,Liverpool and Manchester United complain to X about 'sickening' Grok posts,1roc9ge,146,0.94,79,PremierLeague
matchpal-live,:PL:Premier League,Match Thread: Leeds United vs Norwich City | FA Cup | 08 Mar 16:30 UTC,1ro80i4,20,0.85,6,PremierLeague
matchpal-live,:PL:Premier League,Match Thread: Port Vale vs Sunderland | FA Cup | 08 Mar 13:30 UTC,1ro3xyk,12,0.88,4,PremierLeague
tylerthe-theatre,:PL:Premier League,Wrexham set sights on Premier League after tough Chelsea loss,1ro3nhl,90,0.77,58,PremierLeague
matchpal-live,:PL:Premier League,Match Thread: Fulham vs Southampton | FA Cup | 08 Mar 12:00 UTC,1ro2a5r,7,0.89,1,PremierLeague
Full-Impress-4303,:PL:Premier League,[Romano] Pep Guardiola has been handed a two games ban to be served against Chelsea and West Ham.,1rnzykh,712,0.98,169,PremierLeague
ghemanth90,:PL:Premier League,"If City's 115 charges are proved, a 10-point deduction every year for a decade is a much harsher (and fairer) punishment than a one-time 60-point hit.",1rnzqr9,1367,0.86,626,PremierLeague
tylerthe-theatre,:PL:Premier League,Mikel Arteta hails Arsenal rising stars Max Dowman and Marli Salmon in FA Cup win,1rnjemj,217,0.87,42,PremierLeague
matchpal-live,:PL:Premier League,Match Thread: Newcastle United vs Manchester City | FA Cup | 07 Mar 20:00 UTC,1rnii6i,25,0.86,20,PremierLeague
matchpal-live,:PL:Premier League,Match Thread: Wrexham vs Chelsea | FA Cup | 07 Mar 17:45 UTC,1rneyrl,50,0.89,75,PremierLeague
matchpal-live,:PL:Premier League,Match Thread: Mansfield Town vs Arsenal | FA Cup | 07 Mar 12:15 UTC,1rn7p9m,30,0.81,53,PremierLeague
tylerthe-theatre,:PL:Premier League,Pep Guardiola hints at Manchester City stay next season,1rn6gzn,128,0.86,148,PremierLeague
Melodic_Location_107,:PL:Premier League,"Pedro Neto has been charged for acting in ""an improper manner by failing to leave the pitch promptly"", and/or using ""abusive words towards the match officials"" after his sending off against Arsenal",1rmule8,553,0.85,232,PremierLeague
christianrojoisme,:xch:EFL Championship,Chelsea's Joao Pedro voted Player of the Matchweek,1rmpk31,36,0.92,11,PremierLeague
matchpal-live,:PL:Premier League,Match Thread: Wolverhampton Wanderers vs Liverpool | FA Cup | 06 Mar 20:00 UTC,1rmn600,29,0.86,58,PremierLeague
tylerthe-theatre,:PL:Premier League,Ramadan booing: Leeds attempt to explain 'disappointing and unexpected' response from crowd during Manchester City defeat,1rmlcjh,123,0.76,360,PremierLeague
tylerthe-theatre,:Soccer_ball:,"Hulk throws punch, 23 players sent off after mass brawl in Brazil final",1roxndk,44,1.0,13,football
Some-Palpitation-314,:Soccer_ball:,Bottom of League One Port Vale just beat Sunderland 1-0 to reach FA Cup quarter-finals for the first time since 1954. What a story.,1roqz9h,10,0.92,2,football
tylerthe-theatre,:Soccer_ball:,"Lionel Messi paid $70M-$80M per year, Inter Miami owner says",1rofi95,465,0.96,71,football
matchpal-live,:Soccer_ball:,Match Thread: AC Milan vs Inter | Serie A | 08 Mar 19:45 UTC,1rod3cu,1,0.67,0,football
matchpal-live,:Soccer_ball:,Match Thread: Benfica vs Porto | Liga Portugal | 08 Mar 18:00 UTC,1roaath,9,0.84,1,football
tylerthe-theatre,:Soccer_ball:,Wrexham set sights on Premier League after tough Chelsea loss,1ro47y6,171,0.87,40,football
matchpal-live,:Soccer_ball:,Match Thread: Athletic Club vs FC Barcelona | La Liga | 07 Mar 20:00 UTC,1rnihxr,21,0.9,3,football
matchpal-live,:Soccer_ball:,Match Thread: Newcastle United vs Manchester City | FA Cup | 07 Mar 20:00 UTC,1rnihvy,5,0.79,0,football
matchpal-live,:Soccer_ball:,Match Thread: Juventus vs Pisa | Serie A | 07 Mar 19:45 UTC,1rni3e4,3,0.8,0,football
Fair_Entrepreneur640,:Soccer_ball:,Othmane Maamma is already attracting Premier League attention,1rncwrf,4,0.71,3,football
nolesfan2011,:Soccer_ball:,Jesse Lingard to Corinthians Isn't a Surprise. It's a Sign of the Times,1rnc21j,149,0.82,67,football
tylerthe-theatre,:Soccer_ball:,Inter Miami's Mascherano hails Lionel Messi 'one of a kind' as he nears 900 goal milestone,1rn8l39,37,0.75,9,football
matchpal-live,:Soccer_ball:,Match Thread: Mansfield Town vs Arsenal | FA Cup | 07 Mar 12:15 UTC,1rn7p2k,29,0.89,9,football
matchpal-live,:Soccer_ball:,Match Thread: Celta de Vigo vs Real Madrid | La Liga | 06 Mar 20:00 UTC,1rmn5qt,11,0.82,8,football
matchpal-live,:Soccer_ball:,Match Thread: Wolverhampton Wanderers vs Liverpool | FA Cup | 06 Mar 20:00 UTC,1rmn5o2,18,0.93,1,football
harryjarm,:Soccer_ball:,What Happened To The Over 35 World Cup?,1rmkcoq,0,0.43,15,football
tylerthe-theatre,:Soccer_ball:,"Lionel Messi, Inter Miami honored by Trump at White House",1rmb1zc,0,0.46,56,football
Opposite_Studio_7548,:Soccer_ball:,Morocco coach Walid Regragui quits 3 months before World Cup,1rm2t6m,152,0.97,34,football
InterestingCat308,:Soccer_ball:,"FIFA World Cup Tourism Numbers Are So Bad, US Cities Are Cancelling Fan Festivals Already",1rlx0z6,7536,0.98,530,football
TheMirrorUS,:Soccer_ball:,Lionel Messi 'hangs head in shame' as soccer star walks behind Donald Trump,1rlvewv,2564,0.84,469,football
leodoggo,:Newcastle:,No More Spurs Posts,1roy3si,134,0.86,32,TheOther14
sozsozsoz,:Newcastle:,Champions League week in the North East,1rox4fg,210,0.94,28,TheOther14
Visara57,:WHUFC:,Callum Wilson agrees new one-year deal at West Ham,1rocp1b,50,0.94,25,TheOther14
Parking_Glass8177,:Forest:,Sunderland knocked out FA Cup by League One Port Vale,1ro99e9,422,0.99,123,TheOther14
RSDFitness,,Even Messi jokes about the rest of the league sometimes,1rnn9ap,0,0.33,11,TheOther14
Paul277,:Norwich:,Current Premier League form table (Last ten),1rnijaw,151,0.97,35,TheOther14
other14fcpodcast,,Episode 43! Double whammy,1rndfqd,8,0.61,0,TheOther14
DrCash_CrLife,:Fulham:,"Nice bunch of lads, Millwall. Just want to put in record how much I’ve always liked them",1rnd2ir,399,0.97,103,TheOther14
Paul277,:Norwich:,Leeds United call for respect to be shown on Sunday as players break their fast,1rmko5s,55,0.72,100,TheOther14
AaronStudAVFC,:AVFC:,"Forgive my hubris, I think we’re back to TheOther14",1rmba6e,654,0.98,117,TheOther14
_28Savage,,We did our part (I'm not mad),1rm5m3m,296,0.98,33,TheOther14
RSDFitness,,"Non‑big‑six PL clubs vs Italian teams in Europe, From Norwich to Villa & why those Serie A clashes always felt brutal”",1rlwsl1,0,0.5,10,TheOther14
ShouldveGoogledThat,:Leeds:,Too Soon?,1rlwn1m,262,0.99,26,TheOther14
Soggy_Cantaloupe1194,:CPFC:,You’re welcome,1rlv4iv,1062,0.98,73,TheOther14
TagJones,,So do we have to move over to theother15 for next season?,1rlv038,130,0.96,73,TheOther14
MorganSniffsWhite_,:Forest:,Start writing your applications to join the big six lads,1rlux7p,48,0.91,33,TheOther14
Harryw603,:WHUFC:,"Oiiii, lock the f#ck in 👉",1rlu9fb,1415,0.98,48,TheOther14
DisguisedLu,,WE ARE ALL CRYSTAL PALACE!,1rltskc,1152,0.98,79,TheOther14
tacitusvanderlinde,:Wolves:,They know they want to,1rltmct,504,1.0,27,TheOther14
TimesandSundayTimes,,Nottingham Forest tell under-fire Edu to stay away from club,1rltgh2,45,0.93,8,TheOther14
-AndyCohen-,,Beckham talks about leaving Manchester United for Real Madrid,1rozpqu,2,1.0,0,reddevils
nanobookworm,"Came for Glories, stayed for Memories ","(@StevenRailston)
A new memoir by Sir Alex Ferguson will be published in October. Ferguson writes about the 21 games that have meant the most to him. The book is fully illustrated and contains never-before-seen photographs and notebooks from his private archive 📕 #mufc",1royxxt,142,0.99,8,reddevils
nearly_headless_nic,,"[Critchley, Anka, Mitten] Will Michael Carrick be Manchester United’s permanent coach? Exploring the key questions",1rouon8,74,0.76,49,reddevils
AutoModerator,,Daily Discussion,1ronh1n,12,0.87,73,reddevils
nearly_headless_nic,,[Premier League] The best of Matheus Cunha at @ManUtd so far 🕺,1robc3z,542,0.99,40,reddevils
nearly_headless_nic,,"[BBC] 'When you're with me, you're not bored' - Malard bringing sunshine to Man Utd",1ro8yxo,162,0.88,8,reddevils
PradipJayakumar,:manager: He wasn’t the new Sir Alex Ferguson! 🙂‍↔️,"[Dan Sheldon] Liverpool and Man United want offensive Grok posts about Hillsborough, Munich and Jota’s death removed",1ro4ebl,389,0.97,35,reddevils
nearly_headless_nic,,[ManUtd] OTD Scott McTominay netted this stunner against Man City!,1ro3q1k,1503,0.97,79,reddevils
nuugo,:9:,"Bruno Fernandes has created 92 chances in the Premier League this season, at least 36 more than any other player. Bruno Fernandes has created 22 big chances in the PL this season, at least seven more than any other player. Bruno Fernandes has provided 14 assists in the PL this season, (Squawka)",1ro23fa,757,0.99,55,reddevils
AutoModerator,,Daily Discussion,1rntezc,23,0.93,181,reddevils
Lord_Sesshoumaru77,":NewtonHeath:Glazers,Woodward/Arnold and Judge can fuck off",Five Star Performance at Carrington | Man Utd 5-2 Nottingham Forest | U18 Highlights | The Academy,1rndora,85,0.94,4,reddevils
nearly_headless_nic,,Juan Mata on Bruno Fernandes and Harry Maguire watching him on TV: “I love them and I'm happy they follow the A-League and they follow our games and I hope that the next [Manchester United] game Bruno can score a similar goal.”,1rnc5gi,2757,0.99,80,reddevils
Gungerz,Rashford,United U18s [5]-1 Forest U18s - Noah Ajayi 78',1rnabbb,139,0.99,8,reddevils
Gungerz,Rashford,United U18s 4-0 Forest U18s - Louie Bradbury 52',1rn9rbt,95,0.98,7,reddevils
Gungerz,Rashford,United U18s 3-0 Forest U18s - JJ Gabriel 41',1rn93iz,1003,1.0,84,reddevils
Gungerz,Rashford,United U18s 2-0 Forest U18s - JJ Gabriel 37',1rn90wj,657,0.99,61,reddevils
Gungerz,Rashford,United U18s 1-0 Forest U18s - Jay McEvoy 25',1rn8st5,72,0.97,3,reddevils
Gungerz,Rashford,"U18 XI vs Forest: Byrne-Hughes; Helafu, Mills, Armer, Watson; McEvoy, Thwaites; D. Nkoto, Gabriel, Brown; Bradbury",1rn7yry,35,0.92,0,reddevils
ogshaun,:8:BRUNO BRUNO BRUNO,Bruno and Maguire’s reaction to Mata’s great FK,1rn5z6r,3337,0.98,77,reddevils
ogshaun,:8:BRUNO BRUNO BRUNO,(Former Red) Another Juan Mata Highlight - Great FK,1rn5pj1,578,1.0,13,reddevils
ArcherVisible5866,,Unorthodox training gets lambasted on Sky Sports.,1royi86,0,0.48,39,LiverpoolFC
junglejimbo88,:lfc:,"[LFC] Wirtz, Frimpong & Mamardashvili take on The Reds Roundtable | Momentum & more!",1rovdci,76,0.97,7,LiverpoolFC
scoreboard-app,,Pre-Match Thread: Galatasaray vs Liverpool,1rou3qj,126,1.0,41,LiverpoolFC
Bcpjw,,Carragher & Crouchy: The BRUTAL Liverpool Mentality That Never Let Us Enjoy Winning | CLASSIC CLIPS,1rot6tm,21,0.78,1,LiverpoolFC
AutoModerator,,"Daily Discussion - March 09, 2026",1ror6af,15,0.95,101,LiverpoolFC
Sayyid_Karim,,lan Rush posing on a red Porsche. 1987,1rop5xx,525,0.99,23,LiverpoolFC
AutoModerator,,Monday Moan Thread,1roosic,11,0.92,28,LiverpoolFC
eurfryn,Doubters to Believers,The Ox’s penalty from Celtic’s penalty shootout win over Rangers in the Scottish Cup today.,1rodci7,1420,0.98,60,LiverpoolFC
HospitalLife6221,,Ekitike on insta,1rocz3l,1614,0.99,23,LiverpoolFC
ardyalligan,Mohamed Salah,Another good day for the #LFC youngsters - and two in particular continue to stake their claim 👇🔴,1roai7s,69,0.94,1,LiverpoolFC
l_Anonymous__l,Bobby Dazzler 🤩,Liverpool U21 vs Wolverhampton U21,1ro6dgw,67,0.95,31,LiverpoolFC
decksdark33,,"A true icon front row in Paris, alongside Anna Wintour.",1ro5j3o,1081,0.98,73,LiverpoolFC
IgotgAme_k,,🇫🇷 Hugo Ekitike a engaging with fans at the Balenciaga Winter 26 event in Paris last night.,1ro5asd,317,0.97,11,LiverpoolFC
__sami__01,Sztupid Szexy Szoboszlai,"Carlos Mac Allister, Alexis Mac Allister’s father and agent denied those rumors, confirming exclusively to winwinallsports
 :” there are no negotiations with Liverpool for renewal of the contract in that stage “.",1ro4ujy,318,0.96,103,LiverpoolFC
StupidSexySzoboszlai,Dominik Szoboszlai,"[Pearce] Liverpool and Manchester United are trying to get offensive posts made by xAI’s Grok tool about Hillsborough, the death of Diogo Jota and the Munich air disaster taken down from X.",1ro4smn,1314,0.97,131,LiverpoolFC
DragonSlayer271,You’ll Never Walk Alone,FA Cup R5 Watch Thread (08-09.03.2026),1ro2lib,18,0.88,97,LiverpoolFC
thisisnahamed,Egyptian King 👑,Class Act from Wolves for this Memorial Artwork for Diogo Jota unveiled and installed at the Molineux,1ro0bh2,723,0.99,13,LiverpoolFC
IgotgAme_k,,"Mane, Firmino and Salah are by far the best front three the Premier League has ever seen! 👀 #LFC",1rny2sh,1112,0.99,84,LiverpoolFC
AutoModerator,,"Daily Discussion - March 08, 2026",1rnwybd,20,0.88,362,LiverpoolFC
DragonSlayer271,You’ll Never Walk Alone,Player Ratings: WOL 1 - 3 LIV,1rnwkcu,26,0.9,20,LiverpoolFC
arsenal,Arsenal Official,"On this day in 2015, Danny Welbeck helped us to secure a famous 2-1 win against Manchester United at Old Trafford 🤝",1royoy7,260,1.0,14,Gunners
Gentle_lips,,Max Dowman defensive moment against Mansfield Town,1roxo66,43,0.98,1,Gunners
Kr_bm,:03-04h:,"Martinelli: “I’m very happy with our campaign, the quality of our game, and the performance of everyone. That definitely gives us confidence.”",1rox9sj,195,0.99,51,Gunners
gstarguru,,Premier League Remaining Fixture Difficulty - Opta Analyst,1rowuqt,143,0.96,86,Gunners
mooreengineers,,FA Cup quarter-final draw. Who do you reckon?,1rowld1,322,0.99,93,Gunners
Unique_Smoke7442,:8: Ian Wright,Why Are Arsenal Still Being Scrutinised?,1roulz8,69,0.89,46,Gunners
gunnersmoderator,,"March 09, 2026 Daily Discussion & Transfers Thread",1rou5za,24,0.96,302,Gunners
SimonTheSalmon69,,Alex Iwobi shares his thoughts on Bukayo Saka,1rorvxl,124,0.98,13,Gunners
NorthBankMind,:29: Havertz,Eclipsing the invincibles atm,1rokolf,1024,0.91,180,Gunners
TrustTheProcess-AFC,,Absolutely flawless,1rok1jf,1803,0.98,83,Gunners
GlowerNotaShower,,What do you guys think? Would appreciate feedback before finishing up.,1roff6v,185,0.79,48,Gunners
derphighbury,"Life is good, when The Arsenal is good.","David Dein on the High Performance Podcast - Talks Discovering Wenger, Brutal Sackings & the Future of the PL",1roctpf,74,0.93,16,Gunners
Shyam_Wenger,,"[Simon Collings] It’s March - and history tells us this is when Eberechi Eze catches fire. Eze’s numbers between March and May are, to be honest, just mad. Across the previous three seasons, the 27-year-old scored 22 goals in 41 games for club and country between the months of March and May.",1roaw3y,1529,0.98,111,Gunners
reciprocal_space,,The end position of corners and free-kicks inside the penalty box - Premier League 2025-26 [The Observer],1ro98s8,76,1.0,23,Gunners
Kr_bm,:03-04h:,"Kepa on Salmon and Dowman: “They had the opportunity, I think they took it, and I’m so happy for them,”",1ro5yuk,740,1.0,55,Gunners
UnquenchedMammoth356,,Which player per PL team gets dispossessed the most in the middle third? Ordered Highest to Lowest,1ro5322,179,0.81,188,Gunners
One_Impressionism,,Piero Hincapié with a last-minute tackle to prevent a dangerous counter-attack from Mansfield Town.,1ro0af3,425,0.99,12,Gunners
gunnersmoderator,,"March 08, 2026 Daily Discussion & Transfers Thread",1rnz2hm,39,0.95,1063,Gunners
skool_101,:07-08t: Lee Gunner's Alt :GASPAR:,Why Arsenal look worse when they’re winning | The Athletic FC,1rnyfw6,83,0.84,21,Gunners
BillGatesLovechild,,"Saw this in Adelaide, South Australia today",1rnvn43,1902,0.99,25,Gunners
subredditsummarybot,,"Your weekly /r/ChelseaFC roundup for the week of March 02 - March 08, 2026",1rozpiq,1,1.0,1,chelseafc
webby09246,We've Won It All:We_Won_It_All:,"[ChelseaChronicle] Kompany denies Jackson attitude problem: “I have to say that I noticed since I’ve been here when everything is going well in the team, there are attempts to single out a player or two without any reason. Last season it was Serge Gnabry, sometimes Kingsley Coman, now it’s Nicolas.""",1roz4bt,36,0.97,17,chelseafc
Friendly_Raise9142,✨ joao pedro saved my life ✨,"In the 4 matches Chelsea have played in with their 3rd kit this season, Joao Pedro has played in all 4, and has 6 goals and 3 assists. 0 penalties.",1royusi,104,0.97,15,chelseafc
SrijitDas2010,It’s only ever been Chelsea.,Just a reminder 😉,1roxe1k,629,0.96,48,chelseafc
ColeJermainePalmer,COCK CONFIDENCE :C_Palmer::upvote::UCL_Logo::Boehly_emoji:,Happy birthday to our star pacey winger: Pedro Neto 💨 ✨💫🇵🇹💙,1row4se,298,0.98,49,chelseafc
Kygoche,Diego Costa,The Telegraph: Abramovich lawyers ready to fight Starmer to keep control of £2.35bn Chelsea money,1rovzdq,141,0.96,53,chelseafc
AutoModerator,,Daily Discussion Thread,1ror6au,21,0.96,151,chelseafc
V8derr_,,Cole Palmer edit I made,1roplaf,98,0.89,9,chelseafc
creatorhoborg,,Taken verbatim this analysis paints a worrying picture of the club's future.,1rokkn0,0,0.35,19,chelseafc
HonestSpursFan,,Sam Kerr scores for the Matildas!,1roio07,24,0.87,1,chelseafc
NoRate9314,,[RMC Sport] PSG Players Fueled by Revenge Against Chelsea,1roif1u,160,0.93,66,chelseafc
Expensive_Plane9743,,A demonstration of Jorrel Hato’s insane acceleration,1roc36k,655,0.98,55,chelseafc
jowon123,England,"After yesterday’s match, Cucu has played 150 matches for Chelsea.",1ro6qmi,1359,0.99,37,chelseafc
webby09246,We've Won It All:We_Won_It_All:,"[Official Site] West Ham's Diouf praises Disasi: 🗣️ ""He played for Chelsea, so he knows the league. It was crazy he stayed for such a long time and he didn’t play, but when he came here, he showed that he’s a machine! I'm really happy for him. He's a good defender and I think he helped us a lot""",1ro33bz,376,0.98,77,chelseafc
TheMightyPensioners,Football is not a TV show,[Official Site] Match gallery: Blues win dramatic FA Cup tie against Wrexham,1ro2fo1,48,0.92,1,chelseafc
pride_of_artaxias,Liam Rosenior,[Chelsea FC] Garna wins Star of the Match! 🌟,1ro2akg,597,0.99,80,chelseafc
AutoModerator,,Daily Discussion Thread,1rnwyc3,20,0.88,602,chelseafc
Mother_Equivalent649,Terry :J_Terry:,😁,1rno2xf,1295,0.99,36,chelseafc
Matt_LawDT,McFarlane :McFarlane:,"[Nizaar Kinsella] Rosenior on Lavia: ""You can't expect perfection from a player who has been out for four months.""",1rnle4r,815,0.99,112,chelseafc
haromene,It’s only ever been Chelsea.,"Dario Essugo cameo vs Wrexham (A): 2 assists, 96% accurate passes, 1 big chance created, 3 clearances, 2 recoveries, 1 interception. Only 55 minutes played.",1rnkm4b,1642,0.98,112,chelseafc
theipaper,,Man City's 'special talent' is on a collision course with reality,1rozbzc,12,1.0,2,MCFC
Rory-mcfc,Cartoon Guy,Newcastle vs City - Cartoon Edition 🧍‍♂️,1roz3fy,88,1.0,6,MCFC
Oogway17_,:ManCity97:,Oscar Bobb on his move away from City,1royn7c,45,1.0,5,MCFC
Intentionally_Ironic,:97BnW:,He's just standing there..MENACINGLY!!,1rou6g6,330,0.98,35,MCFC
VoL4t1l3,,What was that Savinho finish though?,1roklpb,74,0.88,38,MCFC
HappyGoat42,:ManCity97:,Question regarding etiquette at matches,1rok9ba,9,0.71,11,MCFC
AutoModerator,,Monday Moan Thread,1rogd18,22,1.0,27,MCFC
AutoModerator,,Daily Discussion Thread,1roesn4,12,0.99,40,MCFC
H_Amin,,Bernardo Silva is expected to not renew his contract this summer according to MARCA,1ro62zi,95,0.89,26,MCFC
ChickenAndNaan,,"Haaland Injured probably, he posted this story on his Snapchat",1ro5b49,459,0.93,59,MCFC
Single-Weather1379,,We can still technically face Newcastle United one more time this season btw,1ro4m03,56,0.95,26,MCFC
saketho,:1819away:,Pep’s response to the two match ban 😂,1ro401e,292,0.98,28,MCFC
XboxValentine,:1516away:,Simply the greatest of all time.,1ro2bj2,285,0.98,13,MCFC
Warm_Economics_9533,,Tickets for Madrid at Home,1ro1n5q,1,0.53,5,MCFC
RageonFayaa,,What's Your Starting XI Against Madrid??,1rnxhen,18,0.82,50,MCFC
dergun1234,:2021home:,We are in good hand. Viana is THAT guy,1rnx4j0,237,0.89,61,MCFC
MembershipSingle7137,,[Romano] Pep Guardiola has been handed a two games ban to be served against Chelsea and West Ham.,1rntvqt,254,0.98,19,MCFC
Oogway17_,:ManCity97:,General Johnny Stones,1rnn3vs,451,1.0,29,MCFC
Oogway17_,:ManCity97:,Gaffer almost punched the 4ᵗʰ Official,1rnmwbw,390,0.99,10,MCFC
mcfcbot,,[Post Match Thread] Newcastle 1 - 3 Manchester City (FA Cup),1rnmkjh,102,0.99,189,MCFC
kl3onz,:BrennanJohnson: Brennan Johnson,Any meaningful pursuit in life will never be easy,1royq55,0,0.36,10,coys
master_inho,:trophy: Best of 2022,🔴 LIVE | Tottenham train ahead of Atletico Madrid UEFA Champions League clash,1roy7ha,7,0.82,2,coys
MrTopham,,"The Middle East is on fire, the exhaust pipe fell off my car yesterday and I'm pretty sure I just discovered a bald patch on the back of my head. So can you indulge me a moment of optimism...",1roxcen,69,0.89,22,coys
TheDelmeister,:Europa: Trophy Supremacist :Europa:,The sorts of priorities the people controlling our club have,1rox7ek,107,0.77,55,coys
AceKev83,,Darren Anderton v Sweden 1995,1rowj47,53,0.97,7,coys
natepiet,:carthgrooks: Carth Grooks FPL TOTW,r/coys Official FPL 25/26 - GW29 Results,1rovpcn,1,0.67,0,coys
Accomplished_Web2424,,Next up: Round of 16 🔜,1roujlk,64,0.94,31,coys
AutoModerator,,"Daily Discussion & Transfer Thread (March 09, 2026)",1ros8b1,8,0.91,158,coys
SurenVardumyan,:classic-logo-08:,"If some players come back from injury before the end we could beat Wolves, Leeds, and Everton and stay up",1rom32w,125,0.91,78,coys
CletusP,:image-son: Heung-Min Son - Spurs Legend,Maybe Vinai & Lange are onto something..,1roln0r,132,0.82,20,coys
jayjoebb,,We'd be in the same position if we'd drawn every game #INVINCIBLES,1roigyp,726,0.97,38,coys
hubbylickur,,"Premier League Corner Stats, Total Corners, and Average Corners Per Match",1rohnho,0,0.36,1,coys
klingonbussy,:DominicSolanke: Dominic Solanke,“We should leave Luka Vuskovic on loan at Hamburg because he wants to play with his brother-“ I have a better idea…,1roe8rd,135,0.83,28,coys
OldSpur76,,The Case for Kinsky,1robiwb,381,0.93,141,coys
master_inho,:trophy: Best of 2022,Loan Watch Day 156 (March 8th 2026),1ro98tl,6,0.86,0,coys
master_inho,:trophy: Best of 2022,International Watch Day 54 (March 8th 2026),1ro90hu,5,0.72,0,coys
Zweli23,:WilsonObobert: Wilson Odobert,Favourite Spurs related picture?,1ro59nf,936,0.98,82,coys
nopirates,:C::O::Y::S: :classic-logo-02:,Andy Robertson finally opens up on rejecting Spurs move and drops summer hint,1ro38ay,124,0.9,73,coys
GrapeGroundbreaking1,:classic-logo-02:,"Harry Redknapp Spurs sack anecdote: Levy, Lewis, Keane & VDV",1rnzdco,89,0.89,62,coys
IronKnee00,,How are International fans feeling about all this?,1rny472,94,0.8,238,coys
FPLModerator,32,"Rate My Team, Quick Questions & General Advice Daily Thread",1roxezi,2,1.0,4,FantasyPL
Move78_FPL,,Academic research into why people play FPL - 5 minute survey (no writing required),1rox3zi,7,0.77,4,FantasyPL
AcademicSalt7548,,"Defcon Averages in Easy, Medium, Hard games (and the rest of my shopping list) is",1rovzpy,121,0.97,18,FantasyPL
FantasyPL_bot,60,"Player Price Changes (March 9, 2026)",1romtxg,215,0.96,19,FantasyPL
everyhearthstone,,Joao Pedro has 17 goal involvements across his last 12 appearances in all comps - is he essential?,1roig99,505,0.94,100,FantasyPL
FPLVault,redditor for <30 days,I posted the Transfer Laffer Curve theory yesterday. Someone asked if the values were arbitrary. They were. So I ran the data.,1roghjb,3,0.55,25,FantasyPL
superstoreman,261,Top 20 Net Transfers In and Out 08/03/2026 - 09/03/2026,1robw0l,20,0.89,4,FantasyPL
vapenaysh3h3,2,Gudmunsson with 1G1A in the FA Cup,1roav1y,150,0.91,21,FantasyPL
Pulp_Dog,,Haaland Injured?,1ro78hw,176,0.8,77,FantasyPL
Ill_Soft_4060,1,Fulham knocked out of the FA cup,1ro6271,506,0.99,40,FantasyPL
CommunityLow6091,redditor for <30 days,Will Haaland still be the “default” premium in FPL for the next 2–3 seasons?,1ro5mbx,0,0.19,42,FantasyPL
FPLCore,,GW 29 Transfers and how they performed,1ro43f0,11,0.87,1,FantasyPL
AcademicSalt7548,,Who is “reliable but unfashionable”? And why?,1ro3rz1,1146,0.98,113,FantasyPL
iron_side93,,Double Gameweek?,1ro2xrw,0,0.26,8,FantasyPL
FPLModerator,32,"Rate My Team, Quick Questions & General Advice Daily Thread",1ro2c02,3,0.67,41,FantasyPL
Rehan_Basheer,33,Fulham XI Vs Southampton [ FA Cup ],1ro22et,46,0.89,13,FantasyPL
Sad_Nerve9087,1,GW29 Kneejerk Check: Hits & Misses,1rnttfs,75,0.96,6,FantasyPL
FantasyPL_bot,60,"Player Price Changes (March 8, 2026)",1rnrjq5,276,0.98,34,FantasyPL
superstoreman,261,Top 20 Net Transfers In and Out 07/03/2026 - 08/03/2026,1rnliw3,34,0.96,15,FantasyPL
Hon3yb4dg3rr,3,Haaland rested,1rnijbx,387,0.98,11,FantasyPL
coombeseh,:reading:,Pre-Match thread: Matchday 37 of 46,1rou5z2,9,1.0,13,Championship
AutoModerator,,Weekly General Discussion Thread,1ros8a4,3,1.0,0,Championship
Mypantsareblue,,Best place for kids at Loftus Road,1rojx81,6,0.67,20,Championship
phuckdub,,Going as a neutral (from Canada) to a qpr game on April 3rd. Where to sit?,1roi8wm,0,0.38,15,Championship
-_---_-_---_-_---_-_,:reading:,Championship Prediction League 25/26 - Standings + Week 37 Prediction Thread,1roebze,2,0.75,16,Championship
Cinn4monSynonym,:ipswich:,Who is the lowest-scoring top scorer you've had in a season?,1roeatz,64,1.0,64,Championship
KreativeHawk,:Norwich_City4:,Leeds 3-0 Norwich: Injury-hit Norwich go out with a whimper as Leeds cruise to the quarter-finals,1rodbr8,50,0.95,21,Championship
angloexcellence,:luton:,QPR 0-4 Middlesborough; Boro rout takes them 4 points clear in race for 2nd as the R's season continues to fizzle out.,1roclgo,181,0.99,115,Championship
CRE_Energy,:Wrexham:,The moment you realize your promotion campaign is actually a battle for 12th,1roaxgs,318,0.99,27,Championship
DWJones28,,Oxford United academy player tragically dies after collapsing during match,1ro7nf2,80,0.99,7,Championship
Normal-Confusion4867,:southampton:,"Fulham 0-1 Southampton: Southampton can dream of a fairytale ending 50 years on from their FA Cup win, as a Ross Stewart penalty at the death stands as the only goal of the game!",1ro5nqz,187,0.97,42,Championship
Cinn4monSynonym,:ipswich:,Get ready for those tables.,1ro4dpg,308,1.0,13,Championship
theipaper,,Wrexham have entered their villain era,1ro46kt,0,0.18,40,Championship
Darkspy8183,:birmingham:,Who’s joining us from the Prem/League 1?,1ro2y9r,38,0.93,93,Championship
foxcompaq,:leicester:,DAB Vs online live commentary.,1ro0yb5,13,0.88,13,Championship
amusedfridaygoat,:portsmouth:,"Your bum is starting to feel a bit squeaky, who is going up and down?",1rnz45y,150,0.98,121,Championship
Own_Contribution6186,:coventry:,How is the 6-team playoff format going to work?,1rnyef7,0,0.5,27,Championship
Drain-on-society,:ipswich:,✂️ no penalty,1rns4oe,2,0.56,9,Championship
partyquimindarty,:swansea:,Liam Cullen goal for Swansea v Stoke to seal 2-0 win in 92nd minute,1rnoiq7,178,0.98,8,Championship
magpiesthree,,Coventry fans on r/Championship today,1rnocss,799,0.99,30,Championship
RM_Official_Thread,:Moderator:,Weekly Open Thread - General Discussion,1rox537,7,1.0,15,realmadrid
Specialist_Doctor_34,Raúl González Blanco:Raulkiss:,Vini Jr. has recorded 19 G/A in 24 games against the English team,1rouoxz,105,0.95,51,realmadrid
TeacherNo8591,,How can we let this guy leave for FREE,1rou2mt,681,0.97,76,realmadrid
Specialist_Doctor_34,Raúl González Blanco:Raulkiss:,A crazy stats about Ferland Mendy,1rosme8,75,0.97,20,realmadrid
Specialist_Doctor_34,Raúl González Blanco:Raulkiss:,As the thing stand it is very unlikely for Kylian mbappe and Jude bellingham to play against Manchester City.,1ros1py,168,0.98,89,realmadrid
blacmagick,,"Not a Madrid fan, but curious, Zidane or Ancelotti?",1roh0sz,4,0.55,43,realmadrid
ReplacementUnited740,,How many times a month does this kind of situation happen to Vini (not per week)?,1rogesl,317,0.92,122,realmadrid
Majestic-Nobody-3178,Militão:Militao:,"According to DiarioAS, Real Madrid will not sign Rodri, instead they are interested in: Adam Wharton, Kees Smit, Vitinha.",1roc7c7,164,0.97,61,realmadrid
Majestic-Nobody-3178,Militão:Militao:,Unai Emery is attracting growing attention from several clubs across Europe and is believed to be on Real Madrid’s radar ahead of next summer.,1robx06,144,0.94,47,realmadrid
1Fils,,Is Luka Vuskovic the real deal for our backline?,1roa37h,38,0.83,34,realmadrid
Daniel_2111_,,Contexto: En mi colegio nos mandaron a hacer papeleras para los de primaria y uno de mis compañeros trajo esto,1ro97nv,155,0.95,8,realmadrid
ReplacementUnited740,,Has it ever happened several times in football history that a player was frequently marked by 3 players?,1ro40v4,0,0.25,19,realmadrid
Zizousexual,Zizou:zizou:,Real Madrid extends its partnership with Emirates until 2031.,1ro07c7,179,0.96,32,realmadrid
Cambre_1273,Kroos:Kroos:,Why so many back passes?,1rnmrrd,47,0.9,24,realmadrid
o6ohunter,Decimocuarta :14:,Swipe through the years,1rngtzi,805,0.99,19,realmadrid
klavope,,No replays or mention from the media as usual.,1rnfdy7,255,0.91,22,realmadrid
cyrusmancub,I HAD A DREAM!,Camavinga is back in training although he still has tooth pain. Carreras has picked up a knock though and is now doubtful against City.,1rnfbcv,69,0.96,31,realmadrid
IcefoxX5,Isco:Isco:,CD Arenteiro 2-[2] Real Madrid Castilla - Roberto Martín 85',1rnf728,42,1.0,0,realmadrid
More-Judgment-9253,,Cesar Palacios vs Celta Vigo (25 minutes played),1rnf2yl,278,0.97,26,realmadrid
IcefoxX5,Isco:Isco:,CD Arenteiro 0-[1] Real Madrid Castilla - Mario Rivas 16',1rnd31c,29,1.0,4,realmadrid
Ok_Lawfulness7412,,"Laporta: ""When I see these statements from Xavi, I think of Hansi Flick and how tough it is to be president of Barça.""

""The facts give me the peace of mind that I did what I had to do. I understand that he's hurt, because with the same players that Xavi had and was losing with, Flick is winning.”",1roz7t9,0,0.33,7,Barca
Glad-Box6389,,A few questions about Laporta’s tenure and election campaign ?,1royt5c,0,0.5,4,Barca
eumdevorabo,,Victor Font - program overview,1royhu1,11,0.92,19,Barca
Any-Faithlessness397,,[Mundo Deportivo] Truce moment between Font and Laporta during the debate - Handshake between the two candidates.,1roxzot,62,0.98,15,Barca
VisitIndependent6976,,"Question for Socis and Locals about this ""Civil War"" and the March 15th Election sentiment in Barcelona?",1rox6ag,8,0.9,2,Barca
JetproTC23,,"[Albert Ortega] Laporta responds to Xavi: “When I see these statements, I think of Hansi Flick. I understand that Xavi is hurt, because with the same players that Xavi had and lost... well, Flick wins.”",1rov84b,173,0.94,131,Barca
goplanah,,"""Celebration"" -Painting by Maja Legut aka Legutart",1rov396,116,1.0,15,Barca
TrainPhysical7021,,Barcelona fans need to put some respect on Joan Laporta’s name,1rotjmf,125,0.76,108,Barca
guy-with-6-cats,,The people critical of Xavi are missing the point,1roryk9,0,0.49,76,Barca
JetproTC23,,"[Carrusel] Lionel Messi's entourage validates Xavi Hernández's words about Laporta - ""The truth is coming out, little by little, and there's still more to come.""",1rorcmz,38,0.87,43,Barca
daylightsbreath,,Here's a full list of Centre-Forwards (high-performers) sorted by market-value. Who fits us best?,1roqv3b,36,0.89,34,Barca
ssrodriguezc,,Xavi’s comments were so wrong and unfortunate,1roq4m9,165,0.74,111,Barca
Primary-Section6964,,Help with tickets to Barcelona vs Rayo Vallecano?,1ropqgb,1,0.6,5,Barca
svefnpurka,,Open Thread #11 (Mar 2026),1roos9f,7,0.9,152,Barca
Loose-Examination-39,,[Full Interview] Xavi reveals his side of the story in one of the most brutal interviews in recent Barça history.,1roms0m,332,0.96,67,Barca
KindaFunnny,,Barca vs Celta Vigo tickets advice?,1romogk,5,0.86,1,Barca
Winter-Talk5317,,March 22 tickets: FC Barcelona vs Rayo Vallecano,1rolmp7,5,0.86,2,Barca
Prakash0807,,"Xavi: ""Leo Messi back to Barcelona was a done deal after that World Cup won by Argentina. It was done. We also had La Liga's green light and Messi wanted to return but Laporta stopped the signing. Laporta told me Messi was gonna go against him and he couldn't allow that"".",1roifxc,1228,0.96,392,Barca
AdLopsided1430,,Hamza Abd Al Kareem goal today against SD Huesca with Juvenil A,1roeusa,197,0.99,24,Barca
SeniorShopping3397,,Questions about Soci’s Early Ticket Releases,1roaql2,6,1.0,10,Barca
pewpewlasersandshit,pew pew :FCBayern:,Daily Discussion Thread,1rot8xf,16,0.95,51,fcbayern
pewpewlasersandshit,pew pew :FCBayern:,Daily Discussion Thread,1rny1zv,28,1.0,55,fcbayern
pewpewlasersandshit,pew pew :FCBayern:,Daily Discussion Thread,1rn389t,28,1.0,190,fcbayern
kgallo19,Messiala,[Post Match] Bayern 4 - 1 BMG,1rmqpl7,88,1.0,38,fcbayern
scoreboard-app,,"Match Thread: Bayern Munich vs Borussia Monchengladbach Live Score | Bundesliga 25/26 | Mar 6, 2026",1rmm0hr,78,0.96,711,fcbayern
julesvr5,,Our Starting XI against Gladbach,1rmlz0c,107,1.0,23,fcbayern
julesvr5,,Friendly reminder: Today is Match Day,1rmao2s,120,0.98,10,fcbayern
pewpewlasersandshit,pew pew :FCBayern:,Daily Discussion Thread,1rm72p0,25,1.0,127,fcbayern
pewpewlasersandshit,pew pew :FCBayern:,Daily Discussion Thread,1rlatbe,25,0.95,105,fcbayern
pewpewlasersandshit,pew pew :FCBayern:,Daily Discussion Thread,1rken4w,31,0.96,84,fcbayern
pewpewlasersandshit,pew pew :FCBayern:,Daily Discussion Thread,1rjikek,26,0.94,130,fcbayern
cosyTrees,In Kompany I trust,Wie Jonas Urbig das Duell gegen den BVB mitentschieden hat,1rioexb,145,0.99,13,fcbayern
pewpewlasersandshit,pew pew :FCBayern:,Daily Discussion Thread,1rilz5b,24,1.0,175,fcbayern
pewpewlasersandshit,pew pew :FCBayern:,Daily Discussion Thread,1rhql69,27,0.95,194,fcbayern
Insanel0l,Thiago,[POST MATCH THREAD] BxB vs FC Bayern,1rhbm7v,83,0.98,107,fcbayern
scoreboard-app,,"Match Thread: Borussia Dortmund vs Bayern Munich Live Score | Bundesliga 25/26 | Feb 28, 2026",1rh6zy6,106,0.99,1800,fcbayern
julesvr5,,Our Starting XI against Borussia Dortmund,1rh6w9n,106,1.0,7,fcbayern
pewpewlasersandshit,pew pew :FCBayern:,Daily Discussion Thread,1rgvv3x,21,0.92,174,fcbayern
julesvr5,,[CL] The draw for the knockout stage.,1rg44t5,169,0.99,64,fcbayern
Insanel0l,Thiago,Bayern will play Atalanta in the CL,1rg4093,212,0.99,84,fcbayern
pentradius-the-first,🥦 Bradley Broccoli,Here's our head to head vs chelsea,1roy3yx,4,1.0,6,psg
KualaDreams,:rene:  Not a PSG fan,PSG vs Chelsea BIG Questions - How Ready are PSG for Chelsea?,1rowtwe,6,0.81,11,psg
AutoModerator,,Weekly Discussion 💬 Monday 09 March,1ros899,1,1.0,0,psg
NoRate9314,:dagba:  Dagba,[RMC Sport] PSG Players Fueled by Revenge Against Chelsea,1roieiu,23,0.88,12,psg
International-Self47,:rene:  Not a PSG fan,Lens close in on PSG with win over lowly Metz,1rob2d8,7,1.0,2,psg
ogbluu,:rene:  Not a PSG fan,My Nike Triax Swift 'PSG' WR0078 Analog Watch,1roaxff,20,1.0,0,psg
International-Self47,:rene:  Not a PSG fan,The Ligue 1 title race is going to go down to the wire 😮🤌,1ro9iib,123,0.96,15,psg
DiscipleOf_Buddha,Thomas Tuchel,Happy 20th Warren Zaïre-Emery ! 🎉♥️💙,1ro69un,117,0.98,7,psg
mtdemlein,:blaisou:  Matuidi,Repeating is difficult,1rnaz9k,17,0.95,6,psg
bulkye2,:dimaria:  Angel Di María,"Luis enrique: “Is it a mental problem? Clearly. When things go wrong, the first thing that disconnects is your head....""",1rn8ucf,36,0.98,8,psg
Imaginary-Director-8,Fabián Ruiz,Bro needs to relax at the gym,1rn7j28,157,0.96,35,psg
Pleasant_Assistant30,:Thiagoo: Thiago Silva,We are fun to watch in league.,1rn5y39,17,0.88,5,psg
PSGeditor,:rene:  Not a PSG fan,PSG loss vs Monaco,1rn1yxz,23,0.88,5,psg
graal2008,:pauleta:  Pauleta,Is there any hope against Chelsea? Or just copium?,1rn0t97,80,0.89,38,psg
Maliketh_BlackBlade4,:disapointtedcavani: Edinson Cavani,What do you think went wrong for us this season?,1rmscc9,66,0.91,66,psg
Icy_Ad_3387,:rene:  Not a PSG fan,Paris Saint Germain 1-3 As Monaco 😭,1rmrmoz,123,0.94,26,psg
No-Connection1322,:dimaria:  Angel Di María,Is that the end of our dream? Is the reality start to hit us again? 😭😭😭🚶🏿🚶🏿❤️💙,1rmrkcj,22,0.75,12,psg
MrForndog,:OusmaneBallonDor: Ousmane Ballon D’or,Post-Match Thread: Paris Saint-Germain vs AS Monaco 1-3,1rmr8zx,10,1.0,47,psg
scoreboard-app,:rene:  Not a PSG fan,"Match Thread: Paris Saint-Germain vs AS Monaco Live Score | Ligue 1 25/26 | Mar 6, 2026",1rmmf2c,32,0.94,470,psg
flacogarcons,Vikash Dhorasoo,[LaSource Parisienne] Paris will debut its new jersey next week in the Champions League vs Chelsea at the Parc.,1rlwcl0,145,0.99,24,psg
Visible-Cranberry-96,:5:  Giacomo Bonaventura :Bonaventura:,I really LOL'ed at this one,1row438,132,0.96,8,ACMilan
HommoFroggy,byhoskyy,Happy 108 anniversary to our little cousins 🤗 Nati dopo e Nati Male,1rotf0l,253,0.98,36,ACMilan
Agag97,:AC_Milan_Emoji:,"The ""handball/penalty"" shout for Inter. Couldn't agree more.",1rorqoj,92,0.96,31,ACMilan
Vegetable_Pop9208,,Help Serie A Representation in LEGO,1ror30r,39,0.98,4,ACMilan
Vegetable_Pop9208,,https://beta.ideas.lego.com/product-ideas/daa0366d-c39d-4874-99f8-56c3c51bfcf0,1roqy4q,1,1.0,0,ACMilan
AutoModerator,,Monday Discussion Thread,1roq1ft,9,1.0,17,ACMilan
theShah12,Kaká,🪩,1ropkq4,62,0.99,0,ACMilan
theShah12,Kaká,Curva sud,1rophdr,70,0.98,0,ACMilan
theShah12,Kaká,Inter curva spit in response,1rop253,31,0.97,1,ACMilan
LumumbaX,,Milano è Rossonera,1rok1tv,323,0.99,15,ACMilan
harasa2006,Luka Modrić  :modric:,The unsung hero of tonight,1roipox,322,0.97,18,ACMilan
HommoFroggy,byhoskyy,Future Serie A MVP everybody,1roiitb,85,0.89,12,ACMilan
Jajajashari,,Sergio Ramos was in attendance to see Modrić & Milan win the derby 😁👔 Modrić reportedly paid for tickets and transport for 60 friends and family to watch him play tonight. Among them was Ramos,1roidh6,647,0.99,38,ACMilan
Milan_Academy,:7_: Alexandre Pato :pato:,"[Vitiello] Estupinian and the goal that he will never forget: ""It's the most important goal of my career. We worked hard during this week and this is the result. The coach told me to attack and I found the right moment"" (dazn)",1roi8mr,186,0.99,10,ACMilan
mercurialsaliva,:2007:,Milan win the double over inter for the first time since 2010/11.,1rohhb5,387,0.99,53,ACMilan
Samkazi23,⚽ Il 22 Leggenda ⭐,"[Post Match Thread] AC Milan vs Inter Milano | Serie A 25/26 | Mar 8, 2026",1rohes3,123,0.99,282,ACMilan
mercurialsaliva,:2007:,[Vitiello] Rabiot suspended for Lazio,1roh1n0,50,0.95,13,ACMilan
mercurialsaliva,:2007:,This guy,1rofvr4,485,0.99,15,ACMilan
FBIAgent46,:22_: Ricardo Kaká :kaka:,Milan [1] - 0 Inter - Pervis Estupiñán 35',1rofeej,179,0.99,19,ACMilan
RetsuKaiho,:7_: Alexandre Pato :pato:,My Beloved Prince,1rodw98,431,0.99,18,ACMilan
